{
  "flronet-fno": {
    "case0034": {
      "v": 3.5,
      "RMSE": 0.02730647431743686,
      "MAE": 0.013064537569199867
    },
    "case0038": {
      "v": 3.9,
      "RMSE": 0.03480950601364302,
      "MAE": 0.01581787738901997
    },
    "case0041": {
      "v": 4.2,
      "RMSE": 0.03752974681242744,
      "MAE": 0.01708099899347596
    },
    "case0045": {
      "v": 4.6,
      "RMSE": 0.04012252128226197,
      "MAE": 0.01917183766165789
    },
    "case0049": {
      "v": 5.0,
      "RMSE": 0.05291885568053502,
      "MAE": 0.02498883811053544
    }
  },
  "flronet-mlp": {
    "case0034": {
      "v": 3.5,
      "RMSE": 0.04119772611199343,
      "MAE": 0.02362770652029559
    },
    "case0038": {
      "v": 3.9,
      "RMSE": 0.04763072952116374,
      "MAE": 0.02640898924921182
    },
    "case0041": {
      "v": 4.2,
      "RMSE": 0.051583586894679456,
      "MAE": 0.02815676672836321
    },
    "case0045": {
      "v": 4.6,
      "RMSE": 0.05712954972026486,
      "MAE": 0.03085588478184762
    },
    "case0049": {
      "v": 5.0,
      "RMSE": 0.06222223054652666,
      "MAE": 0.03342155210941716
    }
  },
  "flronet-unet": {
    "case0034": {
      "v": 3.5,
      "RMSE": 0.04052450729739921,
      "MAE": 0.022433364783825505
    },
    "case0038": {
      "v": 3.9,
      "RMSE": 0.04614654319180794,
      "MAE": 0.025074276368054992
    },
    "case0041": {
      "v": 4.2,
      "RMSE": 0.05087678253286755,
      "MAE": 0.027432418085511633
    },
    "case0045": {
      "v": 4.6,
      "RMSE": 0.0595883231443044,
      "MAE": 0.03147150673972858
    },
    "case0049": {
      "v": 5.0,
      "RMSE": 0.07106030134605917,
      "MAE": 0.03727088062223351
    }
  },
  "fno3d": {
    "case0034": {
      "v": 3.5,
      "RMSE": 0.10987113232612486,
      "MAE": 0.07008427590188322
    },
    "case0038": {
      "v": 3.9,
      "RMSE": 0.12416165198865764,
      "MAE": 0.07829228551298759
    },
    "case0041": {
      "v": 4.2,
      "RMSE": 0.13465405494446483,
      "MAE": 0.08417435333761777
    },
    "case0045": {
      "v": 4.6,
      "RMSE": 0.15152593846324616,
      "MAE": 0.09337541131824534
    },
    "case0049": {
      "v": 5.0,
      "RMSE": 0.17265050013570532,
      "MAE": 0.10513246920160771
    }
  }
}