{
  "flronet": {
    "case0034": {
      "v": 3.5,
      "RMSE": 0.04501982711760118,
      "MAE": 0.026418058543673247
    },
    "case0038": {
      "v": 3.9,
      "RMSE": 0.05567266194840497,
      "MAE": 0.03179300920747808
    },
    "case0041": {
      "v": 4.2,
      "RMSE": 0.06804068124818864,
      "MAE": 0.03715515395665888
    },
    "case0045": {
      "v": 4.6,
      "RMSE": 0.09058441477492454,
      "MAE": 0.04568940380270672
    },
    "case0049": {
      "v": 5.0,
      "RMSE": 0.11468532577148759,
      "MAE": 0.05608367504902089
    }
  },
  "unet": {
    "case0034": {
      "v": 3.5,
      "RMSE": 0.3085746285590502,
      "MAE": 0.17996448335008086
    },
    "case0038": {
      "v": 3.9,
      "RMSE": 0.3524044216726049,
      "MAE": 0.20346852939631682
    },
    "case0041": {
      "v": 4.2,
      "RMSE": 0.38093508405460513,
      "MAE": 0.2186798295557675
    },
    "case0045": {
      "v": 4.6,
      "RMSE": 0.41969563406429417,
      "MAE": 0.2394720843716424
    },
    "case0049": {
      "v": 5.0,
      "RMSE": 0.44753331100886945,
      "MAE": 0.25424081713766356
    }
  }
}