{
  "FLRONet": {
    "0": {
      "RMSE": 0.07464509421443175,
      "MAE": 0.0393
    },
    "1": {
      "RMSE": 0.08229206061357537,
      "MAE": 0.04560473477814923
    },
    "2": {
      "RMSE": 0.09121020064306062,
      "MAE": 0.052659086838732445
    },
    "3": {
      "RMSE": 0.10153788046848909,
      "MAE": 0.06036705544956451
    },
    "4": {
      "RMSE": 0.11423624265921288,
      "MAE": 0.06936550951143036
    },
    "5": {
      "RMSE": 0.12790349438904175,
      "MAE": 0.07899937733167355
    },
    "6": {
      "RMSE": 0.14347021297733112,
      "MAE": 0.08960532105040846
    },
    "7": {
      "RMSE": 0.16094280531623764,
      "MAE": 0.10144952017262335
    },
    "8": {
      "RMSE": 0.1795575928192781,
      "MAE": 0.11388859411597377
    },
    "9": {
      "RMSE": 0.2003645929038538,
      "MAE": 0.12765737293714205
    },
    "10": {
      "RMSE": 0.22139218899724766,
      "MAE": 0.14152666474574951
    },
    "11": {
      "RMSE": 0.2362084613687666,
      "MAE": 0.15332641879527484
    },
    "12": {
      "RMSE": 0.2618795114406159,
      "MAE": 0.17011911336974775
    },
    "13": {
      "RMSE": 0.28835098861859676,
      "MAE": 0.18752241671518605
    },
    "14": {
      "RMSE": 0.3140827128051171,
      "MAE": 0.20468888984732025
    },
    "15": {
      "RMSE": 0.3410907988144564,
      "MAE": 0.22285307652628225
    },
    "16": {
      "RMSE": 0.3684855957654263,
      "MAE": 0.24153394044481363
    },
    "17": {
      "RMSE": 0.39635309941003843,
      "MAE": 0.26095150857968036
    },
    "18": {
      "RMSE": 0.4253941183604418,
      "MAE": 0.28154566756267957
    },
    "19": {
      "RMSE": 0.45457941927734674,
      "MAE": 0.3024226688114378
    },
    "20": {
      "RMSE": 0.48513240670091307,
      "MAE": 0.32489280651452146
    }
  },
  "UNet": {
    "0": {
      "RMSE": 0.38194311853282387,
      "MAE": 0.2192113848905875
    },
    "1": {
      "RMSE": 0.3847748692804156,
      "MAE": 0.2210645516442837
    },
    "2": {
      "RMSE": 0.3889206411688809,
      "MAE": 0.22375909766594793
    },
    "3": {
      "RMSE": 0.3935931792682791,
      "MAE": 0.22705617804272415
    },
    "4": {
      "RMSE": 0.3996551011099467,
      "MAE": 0.23118464778162415
    },
    "5": {
      "RMSE": 0.40677729285363257,
      "MAE": 0.2361567010462453
    },
    "6": {
      "RMSE": 0.41528259482934365,
      "MAE": 0.24222880304631256
    },
    "7": {
      "RMSE": 0.4253007561609621,
      "MAE": 0.24943356539371256
    },
    "8": {
      "RMSE": 0.4368616339650965,
      "MAE": 0.25780714222098994
    },
    "9": {
      "RMSE": 0.45089542614539035,
      "MAE": 0.26792379038878433
    },
    "10": {
      "RMSE": 0.4669566903907615,
      "MAE": 0.27931021720656407
    },
    "11": {
      "RMSE": 0.483283730926149,
      "MAE": 0.28870768957999953
    },
    "12": {
      "RMSE": 0.4918601728354353,
      "MAE": 0.2973843968798286
    },
    "13": {
      "RMSE": 0.5173702209506876,
      "MAE": 0.31470086586732576
    },
    "14": {
      "RMSE": 0.545503934284113,
      "MAE": 0.3340551822302754
    },
    "15": {
      "RMSE": 0.5761491949689953,
      "MAE": 0.3549553089642315
    },
    "16": {
      "RMSE": 0.6105035003197801,
      "MAE": 0.37818008384296775
    },
    "17": {
      "RMSE": 0.6467864895509333,
      "MAE": 0.40323346134404514
    },
    "18": {
      "RMSE": 0.6861192081478228,
      "MAE": 0.430766613013265
    },
    "19": {
      "RMSE": 0.72832718217493,
      "MAE": 0.46034721496700576
    },
    "20": {
      "RMSE": 0.7724330107194951,
      "MAE": 0.4919679087231983
    }
  }
}