{
  "flronet-fno": {
    "0": {
      "RMSE": 0.03853742082126078,
      "MAE": 0.018024817944777904
    },
    "1": {
      "RMSE": 0.04286461609592258,
      "MAE": 0.021727618878830783
    },
    "2": {
      "RMSE": 0.04807258890247439,
      "MAE": 0.02583180755174084
    },
    "3": {
      "RMSE": 0.05415975967475746,
      "MAE": 0.030437690054964862
    },
    "4": {
      "RMSE": 0.06160500498881095,
      "MAE": 0.0358572565694129
    },
    "5": {
      "RMSE": 0.07144605760099738,
      "MAE": 0.0427139166549297
    },
    "6": {
      "RMSE": 0.08287261014984444,
      "MAE": 0.05054521630512364
    },
    "7": {
      "RMSE": 0.09707132701550632,
      "MAE": 0.06001269222441182
    },
    "8": {
      "RMSE": 0.11362818603727229,
      "MAE": 0.07094275755516175
    },
    "9": {
      "RMSE": 0.13225832971853996,
      "MAE": 0.08299346039329945
    },
    "10": {
      "RMSE": 0.15238399578362574,
      "MAE": 0.0960602956862675
    },
    "11": {
      "RMSE": 0.17487930160398565,
      "MAE": 0.1107070611677551
    },
    "12": {
      "RMSE": 0.20118417215484247,
      "MAE": 0.12764639086190424
    },
    "13": {
      "RMSE": 0.2281183167859728,
      "MAE": 0.1450211052585967
    },
    "14": {
      "RMSE": 0.2556684789916912,
      "MAE": 0.1630153063367241
    },
    "15": {
      "RMSE": 0.285069421775302,
      "MAE": 0.18216291346276534
    },
    "16": {
      "RMSE": 0.31562451839380445,
      "MAE": 0.2024143496640339
    },
    "17": {
      "RMSE": 0.3464212285655775,
      "MAE": 0.2231703277068882
    },
    "18": {
      "RMSE": 0.3785020013656128,
      "MAE": 0.2450737734869692
    },
    "19": {
      "RMSE": 0.4100153428202215,
      "MAE": 0.2669590153240954
    },
    "20": {
      "RMSE": 0.44376847305680367,
      "MAE": 0.2909247486273909
    }
  },
  "flronet-mlp": {
    "0": {
      "RMSE": 0.05195276455892549,
      "MAE": 0.028494179877827035
    },
    "1": {
      "RMSE": 0.06093156161940435,
      "MAE": 0.0364507639602276
    },
    "2": {
      "RMSE": 0.07212316762618784,
      "MAE": 0.043702123307208685
    },
    "3": {
      "RMSE": 0.08586998527960116,
      "MAE": 0.0528731495637587
    },
    "4": {
      "RMSE": 0.10370715705500783,
      "MAE": 0.06537605792120664
    },
    "5": {
      "RMSE": 0.1253393100980102,
      "MAE": 0.08148972308100508
    },
    "6": {
      "RMSE": 0.15149671953338642,
      "MAE": 0.10190541286968982
    },
    "7": {
      "RMSE": 0.18191323138507898,
      "MAE": 0.1264371368693661
    },
    "8": {
      "RMSE": 0.21886553110733456,
      "MAE": 0.15629851699843947
    },
    "9": {
      "RMSE": 0.2591947065470947,
      "MAE": 0.18990583496686864
    },
    "10": {
      "RMSE": 0.30460612329927217,
      "MAE": 0.2279491632259514
    },
    "11": {
      "RMSE": 0.3524461750632424,
      "MAE": 0.2692739351530238
    },
    "12": {
      "RMSE": 0.4018779189363937,
      "MAE": 0.3134808959456765
    },
    "13": {
      "RMSE": 0.45667804931508466,
      "MAE": 0.36269080697848227
    },
    "14": {
      "RMSE": 0.5148105394663579,
      "MAE": 0.41562090688099357
    },
    "15": {
      "RMSE": 0.5761543294324465,
      "MAE": 0.4724333527945918
    },
    "16": {
      "RMSE": 0.6419425656388275,
      "MAE": 0.5344744481567737
    },
    "17": {
      "RMSE": 0.7119023572057626,
      "MAE": 0.600955323831542
    },
    "18": {
      "RMSE": 0.7864129822704727,
      "MAE": 0.6724513453299147
    },
    "19": {
      "RMSE": 0.8695893779765921,
      "MAE": 0.7526262068649315
    },
    "20": {
      "RMSE": 0.9585992968992026,
      "MAE": 0.8388485607684759
    }
  },
  "flronet-unet": {
    "0": {
      "RMSE": 0.05363929150248768,
      "MAE": 0.02873648931987076
    },
    "1": {
      "RMSE": 0.05942792574391444,
      "MAE": 0.032247863389359116
    },
    "2": {
      "RMSE": 0.06754605039817782,
      "MAE": 0.036900148144454026
    },
    "3": {
      "RMSE": 0.07749658538308105,
      "MAE": 0.04261074876998439
    },
    "4": {
      "RMSE": 0.09019908783184075,
      "MAE": 0.04971480555891186
    },
    "5": {
      "RMSE": 0.1058211311134459,
      "MAE": 0.058342035278750336
    },
    "6": {
      "RMSE": 0.12413389978145878,
      "MAE": 0.06844429000394817
    },
    "7": {
      "RMSE": 0.1456028165030197,
      "MAE": 0.08030165006676498
    },
    "8": {
      "RMSE": 0.17039416446156294,
      "MAE": 0.09435496508243371
    },
    "9": {
      "RMSE": 0.19802278439390011,
      "MAE": 0.11035167905846427
    },
    "10": {
      "RMSE": 0.22770450582383364,
      "MAE": 0.12793459182086814
    },
    "11": {
      "RMSE": 0.26073319296459085,
      "MAE": 0.1477616361456784
    },
    "12": {
      "RMSE": 0.2960521702747811,
      "MAE": 0.16968061949319338
    },
    "13": {
      "RMSE": 0.3339814110244764,
      "MAE": 0.193583299835175
    },
    "14": {
      "RMSE": 0.37426599285256096,
      "MAE": 0.21965413431773653
    },
    "15": {
      "RMSE": 0.4161682270797814,
      "MAE": 0.24762248273280485
    },
    "16": {
      "RMSE": 0.46133487786813715,
      "MAE": 0.2777845864209769
    },
    "17": {
      "RMSE": 0.5081342530395605,
      "MAE": 0.30993602702415995
    },
    "18": {
      "RMSE": 0.5574604381255254,
      "MAE": 0.3444436133515376
    },
    "19": {
      "RMSE": 0.6091324582669875,
      "MAE": 0.380777046412698
    },
    "20": {
      "RMSE": 0.6619557209414154,
      "MAE": 0.4186194615103646
    }
  },
  "fno3d": {
    "0": {
      "RMSE": 0.1376219328305045,
      "MAE": 0.08562512294556207
    },
    "1": {
      "RMSE": 0.1402040147802727,
      "MAE": 0.08749815713420883
    },
    "2": {
      "RMSE": 0.14329647051894306,
      "MAE": 0.08972976554359711
    },
    "3": {
      "RMSE": 0.14811170485038042,
      "MAE": 0.09298639097950324
    },
    "4": {
      "RMSE": 0.1538047845238801,
      "MAE": 0.0968960467473656
    },
    "5": {
      "RMSE": 0.16008768413371513,
      "MAE": 0.10124426950524175
    },
    "6": {
      "RMSE": 0.16747363478415017,
      "MAE": 0.10623131032069309
    },
    "7": {
      "RMSE": 0.17957278910457833,
      "MAE": 0.11410913122373911
    },
    "8": {
      "RMSE": 0.19068228742742308,
      "MAE": 0.12154149793238003
    },
    "9": {
      "RMSE": 0.20297015719269085,
      "MAE": 0.13006790449304925
    },
    "10": {
      "RMSE": 0.21778231214146923,
      "MAE": 0.14045288589973973
    },
    "11": {
      "RMSE": 0.23467971900507403,
      "MAE": 0.15171433399600676
    },
    "12": {
      "RMSE": 0.254356981453425,
      "MAE": 0.16515805021087707
    },
    "13": {
      "RMSE": 0.2729039229207368,
      "MAE": 0.1777603641474529
    },
    "14": {
      "RMSE": 0.29295479316035167,
      "MAE": 0.19178664896616043
    },
    "15": {
      "RMSE": 0.31501744784593577,
      "MAE": 0.20715881556953467
    },
    "16": {
      "RMSE": 0.3405666068994791,
      "MAE": 0.22495181353218363
    },
    "17": {
      "RMSE": 0.366662263196762,
      "MAE": 0.2427796312281214
    },
    "18": {
      "RMSE": 0.39431613753344325,
      "MAE": 0.2624820778620022
    },
    "19": {
      "RMSE": 0.4232428771422466,
      "MAE": 0.28295770265649
    },
    "20": {
      "RMSE": 0.4559227192831198,
      "MAE": 0.30688118606518716
    }
  }
}



