{
  "FLRONet": {
    "0": {
      "RMSE": 0.07464509421443175,
      "MAE": 0.0393
    },
    "1": {
      "RMSE": 0.08229206061357537,
      "MAE": 0.04560473477814923
    },
    "2": {
      "RMSE": 0.09121020064306062,
      "MAE": 0.052659086838732445
    },
    "3": {
      "RMSE": 0.10153788046848909,
      "MAE": 0.06036705544956451
    },
    "4": {
      "RMSE": 0.11423624265921288,
      "MAE": 0.06936550951143036
    },
    "5": {
      "RMSE": 0.12790349438904175,
      "MAE": 0.07899937733167355
    },
    "6": {
      "RMSE": 0.14347021297733112,
      "MAE": 0.08960532105040846
    },
    "7": {
      "RMSE": 0.16094280531623764,
      "MAE": 0.10144952017262335
    },
    "8": {
      "RMSE": 0.1795575928192781,
      "MAE": 0.11388859411597377
    },
    "9": {
      "RMSE": 0.2003645929038538,
      "MAE": 0.12765737293714205
    },
    "10": {
      "RMSE": 0.22139218899724766,
      "MAE": 0.14152666474574951
    }
  },
  "UNet": {
    "0": {
      "RMSE": 0.38194311853282387,
      "MAE": 0.2192113848905875
    },
    "1": {
      "RMSE": 0.3847748692804156,
      "MAE": 0.2210645516442837
    },
    "2": {
      "RMSE": 0.3889206411688809,
      "MAE": 0.22375909766594793
    },
    "3": {
      "RMSE": 0.3935931792682791,
      "MAE": 0.22705617804272415
    },
    "4": {
      "RMSE": 0.3996551011099467,
      "MAE": 0.23118464778162415
    },
    "5": {
      "RMSE": 0.40677729285363257,
      "MAE": 0.2361567010462453
    },
    "6": {
      "RMSE": 0.41528259482934365,
      "MAE": 0.24222880304631256
    },
    "7": {
      "RMSE": 0.4253007561609621,
      "MAE": 0.24943356539371256
    },
    "8": {
      "RMSE": 0.4368616339650965,
      "MAE": 0.25780714222098994
    },
    "9": {
      "RMSE": 0.45089542614539035,
      "MAE": 0.26792379038878433
    },
    "10": {
      "RMSE": 0.4669566903907615,
      "MAE": 0.27931021720656407
    }
  }
}