{
  "extrapolation": {
  "1": {"RMSE": 0.1541230143687389, "MAE": 0.08669832275723133},
  "2": {"RMSE": 0.24073097862173917, "MAE": 0.13462742092672358},
  "3": {"RMSE": 0.31763270210512906, "MAE": 0.1789644394311345},
  "4": {"RMSE": 0.3720497007520929, "MAE": 0.2119623624308791},
  "5": {"RMSE": 0.40092385256489094, "MAE": 0.23064837332142166}
  },
  "interpolation": {
    "RMSE": 0.0748, "MAE": 0.0394
  }
}