{
  "FLRONet": {
    "0.0": {
      "RMSE": 0.052660839358153626,
      "MAE": 0.030997165282891703
    },
    "0.01": {
      "RMSE": 0.05524411023132698,
      "MAE": 0.03289350935228823
    },
    "0.02": {
      "RMSE": 0.06217010465435124,
      "MAE": 0.03797947179128866
    },
    "0.03": {
      "RMSE": 0.07219493225430544,
      "MAE": 0.04519095468845501
    },
    "0.04": {
      "RMSE": 0.08440568859593092,
      "MAE": 0.05378283846440895
    },
    "0.05": {
      "RMSE": 0.09821073877795762,
      "MAE": 0.0633330633691729
    },
    "0.06": {
      "RMSE": 0.11320880235112389,
      "MAE": 0.07358442834830024
    },
    "0.07": {
      "RMSE": 0.12908653841054654,
      "MAE": 0.084352968346065
    },
    "0.08": {
      "RMSE": 0.14554373136220766,
      "MAE": 0.09547217991553647
    },
    "0.09": {
      "RMSE": 0.16234081471603648,
      "MAE": 0.10681746072055504
    },
    "0.10": {
      "RMSE": 0.1792550722364664,
      "MAE": 0.11827342567555067
    }
  },
  "UNet": {
    "0.0": {
      "RMSE": 0.3490242182534587,
      "MAE": 0.1999858550202403
    },
    "0.01": {
      "RMSE": 0.35923003087328265,
      "MAE": 0.20728902180989592
    },
    "0.02": {
      "RMSE": 0.37389615998675724,
      "MAE": 0.22516296382566722
    },
    "0.03": {
      "RMSE": 0.39416035789927256,
      "MAE": 0.2508256649421423
    },
    "0.04": {
      "RMSE": 0.420752992127285,
      "MAE": 0.28195808891392765
    },
    "0.05": {
      "RMSE": 0.45348143248781,
      "MAE": 0.31700836771528496
    },
    "0.06": {
      "RMSE": 0.4920732586718709,
      "MAE": 0.35541211953269697
    },
    "0.07": {
      "RMSE": 0.5363295039318866,
      "MAE": 0.3970232711421278
    },
    "0.08": {
      "RMSE": 0.5860626886149233,
      "MAE": 0.44184254925638006
    },
    "0.09": {
      "RMSE": 0.6409320075909173,
      "MAE": 0.4898173874272075
    },
    "0.10": {
      "RMSE": 0.7005874191820323,
      "MAE": 0.5408990779776609
    }
  }
}