{
  "flronet-fno": {
    "0.0": {
      "RMSE": 0.03853742082126078,
      "MAE": 0.018024817944777904
    },
    "0.01": {
      "RMSE": 0.042362594394622206,
      "MAE": 0.02162766248732659
    },
    "0.02": {
      "RMSE": 0.05200408630381513,
      "MAE": 0.029415867631428408
    },
    "0.03": {
      "RMSE": 0.06547140703409993,
      "MAE": 0.039197964600432345
    },
    "0.04": {
      "RMSE": 0.08163873177866024,
      "MAE": 0.05027966749971642
    },
    "0.05": {
      "RMSE": 0.09970325005991608,
      "MAE": 0.06227202201598606
    }
  },
  "flronet-mlp": {
    "0.0": {
      "RMSE": 0.05195276455892549,
      "MAE": 0.028494179877827035
    },
    "0.01": {
      "RMSE": 0.05269169574734208,
      "MAE": 0.029078516837250688
    },
    "0.02": {
      "RMSE": 0.05498269940658774,
      "MAE": 0.030849964607839377
    },
    "0.03": {
      "RMSE": 0.0588032285640384,
      "MAE": 0.033735084692915286
    },
    "0.04": {
      "RMSE": 0.06402847734929393,
      "MAE": 0.0375875825787423
    },
    "0.05": {
      "RMSE": 0.07048561660794657,
      "MAE": 0.04226522538710613
    }
  },
  "flronet-unet": {
    "0.0": {
      "RMSE": 0.05363929150248768,
      "MAE": 0.02873648931987076
    },
    "0.01": {
      "RMSE": 0.11848184694696039,
      "MAE": 0.07227817961430519
    },
    "0.02": {
      "RMSE": 0.19513457253240235,
      "MAE": 0.1285603482556877
    },
    "0.03": {
      "RMSE": 0.2605918198005072,
      "MAE": 0.17902816823323597
    },
    "0.04": {
      "RMSE": 0.315860301396812,
      "MAE": 0.22239103373239333
    },
    "0.05": {
      "RMSE": 0.36285635319947823,
      "MAE": 0.2596100910301686
    }
  },
  "fno3d": {
    "0.0": {
      "RMSE": 0.1376219328305045,
      "MAE": 0.08562512294556207
    },
    "0.01": {
      "RMSE": 0.1381493178645549,
      "MAE": 0.0861404073036351
    },
    "0.02": {
      "RMSE": 0.1399002783937276,
      "MAE": 0.08779582783179463
    },
    "0.03": {
      "RMSE": 0.1427673001785203,
      "MAE": 0.09045883068872237
    },
    "0.04": {
      "RMSE": 0.14661756102906745,
      "MAE": 0.09396336407608231
    },
    "0.05": {
      "RMSE": 0.1513218091504494,
      "MAE": 0.09815511953761753
    }
  }
}