{
  "flronet-fno": {
    "0.0": {
      "RMSE": 0.02730647431743686,
      "MAE": 0.013064537569199867
    },
    "0.01": {
      "RMSE": 0.031267524485915126,
      "MAE": 0.016714673385675713
    },
    "0.02": {
      "RMSE": 0.040377712644626695,
      "MAE": 0.023852160568719222
    },
    "0.03": {
      "RMSE": 0.05242094683967925,
      "MAE": 0.03242722091915773
    },
    "0.04": {
      "RMSE": 0.0663679684025145,
      "MAE": 0.0419101834311082
    },
    "0.05": {
      "RMSE": 0.08156613699923262,
      "MAE": 0.05201802681347377
    },
    "0.06": {
      "RMSE": 0.09748676626946062,
      "MAE": 0.06250902453571767
    },
    "0.07": {
      "RMSE": 0.11368798743004603,
      "MAE": 0.07317342397654607
    },
    "0.08": {
      "RMSE": 0.12983330308388347,
      "MAE": 0.083855149716747
    },
    "0.09": {
      "RMSE": 0.1456939563285835,
      "MAE": 0.0944523934604359
    },
    "0.10": {
      "RMSE": 0.16113668914191387,
      "MAE": 0.10491324598796162
    },
    "0.11": {
      "RMSE": 0.17609847253975344,
      "MAE": 0.11522374261572499
    },
    "0.12": {
      "RMSE": 0.19056613619240692,
      "MAE": 0.1253941882312354
    },
    "0.13": {
      "RMSE": 0.2045581064080112,
      "MAE": 0.13544851658249255
    },
    "0.14": {
      "RMSE": 0.21811473217589256,
      "MAE": 0.1454196611113404
    },
    "0.15": {
      "RMSE": 0.23128376540901013,
      "MAE": 0.1553426858366289
    },
    "0.16": {
      "RMSE": 0.24412046374611057,
      "MAE": 0.16525360292039892
    },
    "0.17": {
      "RMSE": 0.25667708470663636,
      "MAE": 0.1751848988732282
    },
    "0.18": {
      "RMSE": 0.2690068719631031,
      "MAE": 0.18516810953420165
    },
    "0.19": {
      "RMSE": 0.28115894891515003,
      "MAE": 0.1952310128540987
    },
    "0.20": {
      "RMSE": 0.2931786291456363,
      "MAE": 0.20539815561277872
    }
  },
  "flronet-mlp": {
    "0.0": {
      "RMSE": 0.04119772611199343,
      "MAE": 0.02362770652029559
    },
    "0.01": {
      "RMSE": 0.04170396318107628,
      "MAE": 0.02404152974720945
    },
    "0.02": {
      "RMSE": 0.043441109703812694,
      "MAE": 0.025385060221391236
    },
    "0.03": {
      "RMSE": 0.046416289870509185,
      "MAE": 0.027628701765173527
    },
    "0.04": {
      "RMSE": 0.05054870591418103,
      "MAE": 0.030674245443242158
    },
    "0.05": {
      "RMSE": 0.055694742581969714,
      "MAE": 0.03440377329482513
    },
    "0.06": {
      "RMSE": 0.061722310300153155,
      "MAE": 0.03874668801328997
    },
    "0.07": {
      "RMSE": 0.06852561986521423,
      "MAE": 0.043660419313043375
    },
    "0.08": {
      "RMSE": 0.0760118254581783,
      "MAE": 0.04910985555732223
    },
    "0.09": {
      "RMSE": 0.08413799670698201,
      "MAE": 0.0551016724385372
    },
    "0.10": {
      "RMSE": 0.09288103848311402,
      "MAE": 0.06165138237029175
    },
    "0.11": {
      "RMSE": 0.10224136591185451,
      "MAE": 0.06878408384925541
    },
    "0.12": {
      "RMSE": 0.1121941442352609,
      "MAE": 0.07651245933510474
    },
    "0.13": {
      "RMSE": 0.122743784848717,
      "MAE": 0.08486440161620666
    },
    "0.14": {
      "RMSE": 0.13385805472864454,
      "MAE": 0.09383607175213479
    },
    "0.15": {
      "RMSE": 0.14546198534667912,
      "MAE": 0.10339396442454096
    },
    "0.16": {
      "RMSE": 0.15749776285202305,
      "MAE": 0.11350439573237919
    },
    "0.17": {
      "RMSE": 0.16999224300712423,
      "MAE": 0.12417926046150882
    },
    "0.18": {
      "RMSE": 0.18291881713878083,
      "MAE": 0.135394992094346
    },
    "0.19": {
      "RMSE": 0.19627655847554087,
      "MAE": 0.14714532569314343
    },
    "0.20": {
      "RMSE": 0.21005575613964655,
      "MAE": 0.1594178695752855
    }
  },
  "flronet-unet": {
    "0.0": {
      "RMSE": 0.04052450729739921,
      "MAE": 0.022433364783825505
    },
    "0.01": {
      "RMSE": 0.09558327974146608,
      "MAE": 0.058528431209345436
    },
    "0.02": {
      "RMSE": 0.16374104076110507,
      "MAE": 0.10757292834431145
    },
    "0.03": {
      "RMSE": 0.22249031452716503,
      "MAE": 0.152210914997364
    },
    "0.04": {
      "RMSE": 0.2719318225189361,
      "MAE": 0.19079052129361787
    },
    "0.05": {
      "RMSE": 0.3138636571334528,
      "MAE": 0.22390637106195696
    },
    "0.06": {
      "RMSE": 0.350031852801808,
      "MAE": 0.2526527041480652
    },
    "0.07": {
      "RMSE": 0.3818895934240947,
      "MAE": 0.2780428154503295
    },
    "0.08": {
      "RMSE": 0.41016501057987353,
      "MAE": 0.3006542402736418
    },
    "0.09": {
      "RMSE": 0.4355026105373144,
      "MAE": 0.320970138327373
    },
    "0.10": {
      "RMSE": 0.4586224921155321,
      "MAE": 0.33954675687413627
    },
    "0.11": {
      "RMSE": 0.4799016035836385,
      "MAE": 0.3566639473992025
    },
    "0.12": {
      "RMSE": 0.4997043262677373,
      "MAE": 0.3725995198686335
    },
    "0.13": {
      "RMSE": 0.5183287012771233,
      "MAE": 0.3876008234348422
    },
    "0.14": {
      "RMSE": 0.5359914069461579,
      "MAE": 0.40184510694972747
    },
    "0.15": {
      "RMSE": 0.5528846316895698,
      "MAE": 0.41548628524023956
    },
    "0.16": {
      "RMSE": 0.5693055183177217,
      "MAE": 0.42874577617737974
    },
    "0.17": {
      "RMSE": 0.5853896318668387,
      "MAE": 0.44176427932012646
    },
    "0.18": {
      "RMSE": 0.601270056968157,
      "MAE": 0.4546352452165993
    },
    "0.19": {
      "RMSE": 0.617030761412415,
      "MAE": 0.467451752302134
    },
    "0.20": {
      "RMSE": 0.6327938977998071,
      "MAE": 0.48029415496144073
    }
  },
  "fno3d": {
    "0.0": {
      "RMSE": 0.10980973101225668,
      "MAE": 0.07003782412947229
    },
    "0.01": {
      "RMSE": 0.11031929526299003,
      "MAE": 0.07048925588052506
    },
    "0.02": {
      "RMSE": 0.11189095608704001,
      "MAE": 0.07188403750487622
    },
    "0.03": {
      "RMSE": 0.11442765480284098,
      "MAE": 0.07411898219087253
    },
    "0.04": {
      "RMSE": 0.11781426225627402,
      "MAE": 0.0770640787075821
    },
    "0.05": {
      "RMSE": 0.12193858191611377,
      "MAE": 0.08059593308280338
    },
    "0.06": {
      "RMSE": 0.12670354816146995,
      "MAE": 0.0846131405761316
    },
    "0.07": {
      "RMSE": 0.13202438459663712,
      "MAE": 0.08903456481604542
    },
    "0.08": {
      "RMSE": 0.13783207435743264,
      "MAE": 0.09379913711653798
    },
    "0.09": {
      "RMSE": 0.1440653346054618,
      "MAE": 0.09885792535801909
    },
    "0.10": {
      "RMSE": 0.15067325334995693,
      "MAE": 0.10417268108000886
    },
    "0.11": {
      "RMSE": 0.15761376182737813,
      "MAE": 0.10971391154878006
    },
    "0.12": {
      "RMSE": 0.16484726158875926,
      "MAE": 0.11545593640381613
    },
    "0.13": {
      "RMSE": 0.17234351636124887,
      "MAE": 0.12138044100532876
    },
    "0.14": {
      "RMSE": 0.18007473497226095,
      "MAE": 0.12747085157319646
    },
    "0.15": {
      "RMSE": 0.18801758640116586,
      "MAE": 0.13371496172051453
    },
    "0.16": {
      "RMSE": 0.19615276523573102,
      "MAE": 0.1401031100825547
    },
    "0.17": {
      "RMSE": 0.20446331754592573,
      "MAE": 0.14662732898204264
    },
    "0.18": {
      "RMSE": 0.21293605237949015,
      "MAE": 0.15328165020691772
    },
    "0.19": {
      "RMSE": 0.2215584836063227,
      "MAE": 0.1600616223202291
    },
    "0.20": {
      "RMSE": 0.23032030317492805,
      "MAE": 0.1669630561703979
    }
  }
}