{
  "0": {"RMSE": 0.07972000133478498, "MAE": 0.04734061222428593},
  "1": {"RMSE": 0.06989403205718746, "MAE": 0.03854065787201383},
  "2": {"RMSE": 0.09118018376492051, "MAE": 0.04612716104861486},
  "3": {"RMSE": 0.09369094637042356, "MAE": 0.04698671362073363},
  "4": {"RMSE": 0.07443729529861784, "MAE": 0.03979440631328912},
  "5": {"RMSE": 0.05449981911652525, "MAE": 0.032409717911997364},
  "6": {"RMSE": 0.06625542687755646, "MAE": 0.036045584006165844},
  "7": {"RMSE": 0.08516493588014527, "MAE": 0.04215880680751511},
  "8": {"RMSE": 0.08688728575240938, "MAE": 0.042428918519868145},
  "9": {"RMSE": 0.06976554829347756, "MAE": 0.03661756207917478},
  "10": {"RMSE": 0.052660839358153626, "MAE": 0.030997165282891703},
  "11": {"RMSE": 0.0655104008335388, "MAE": 0.03543824668639602},
  "12": {"RMSE": 0.0844572977709506, "MAE": 0.041500966345487715},
  "13": {"RMSE": 0.08638156509384742, "MAE": 0.041834423731923406},
  "14": {"RMSE": 0.0695483361355764, "MAE": 0.03628016383242438},
  "15": {"RMSE": 0.05352272069067103, "MAE": 0.03159883713309811},
  "16": {"RMSE": 0.06879073330140649, "MAE": 0.03786773594744119},
  "17": {"RMSE": 0.08913611589445146, "MAE": 0.04500508263590737},
  "18": {"RMSE": 0.08982544582603619, "MAE": 0.04426484885479901},
  "19": {"RMSE": 0.07265393577326232, "MAE": 0.038088043499085476},
  "20": {"RMSE": 0.08340944027029011, "MAE": 0.048429124635301544}
}
